summary_level,soc_code,title,employment_2013,employment_2015,change_net,change_percent,annual_avg_openings_total,annual_avg_openings_growth,annual_avg_openings_replacement,annual_wages_2013_mean,annual_wages_2013_median,annual_wages_2013_entry,annual_wages_2013_experienced,typical_entry_education,work_experience,training_needed
1,00-0000,"Total, All Occupations",305520,308600,3080,0.010081173,9200,2030,7170,43120,34650,19880,54750,,,
2,11-0000,Management Occupations,12960,13010,50,0.003858025,280,40,240,98320,86160,56090,119430,,,
3,11-1000,Top Executives,4900,4930,30,0.006122449,110,20,90,n/a,n/a,n/a,n/a,,,
4,11-1011,Chief Executives,750,750,0,0,20,0,20,130260,114640,83510,153630,Bachelor's degree,5 years or more,None
4,11-1021,General and Operations Managers,3110,3150,40,0.012861736,70,20,50,104970,84390,54710,130100,Bachelor's degree,Less than 5 years,None
4,11-1031,Legislators,1030,1030,0,0,20,0,20,79200,81130,66080,85760,Bachelor's degree,Less than 5 years,None
3,11-2000,"Advertising, Marketing, Promotions, Public Relations, and Sales Managers",460,460,0,0,10,0,10,n/a,n/a,n/a,n/a, , , 
4,11-2021,Marketing Managers,170,170,0,0,0,0,0,128240,129730,72130,156290,Bachelor's degree,5 years or more,None
4,11-2022,Sales Managers,210,210,0,0,0,0,0,125700,113540,62930,157090,Bachelor's degree,Less than 5 years,None
3,11-3000,Operations Specialties Managers,2290,2300,10,0.004366812,50,10,40,n/a,n/a,n/a,n/a, , , 
4,11-3011,Administrative Services Managers,550,550,0,0,10,0,10,90560,87660,58020,106830,Bachelor's degree,Less than 5 years,None
4,11-3021,Computer and Information Systems Managers,440,440,0,0,0,0,0,108010,97380,71690,126170,Bachelor's degree,5 years or more,None
4,11-3031,Financial Managers,520,520,0,0,10,0,10,118680,106430,70430,142810,Bachelor's degree,5 years or more,None
4,11-3051,Industrial Production Managers,360,360,0,0,10,0,10,93440,91470,64820,107750,Bachelor's degree,5 years or more,None
4,11-3061,Purchasing Managers,90,90,0,0,0,0,0,101550,97680,72380,116130,Bachelor's degree,5 years or more,None
4,11-3071,"Transportation, Storage, and Distribution Managers",130,130,0,0,0,0,0,81590,83290,52010,96370,High school diploma or equivalent,5 years or more,None
4,11-3121,Human Resources Managers,150,150,0,0,0,0,0,110810,119290,64700,133860,Bachelor's degree,5 years or more,None
3,11-9000,Other Management Occupations,5310,5320,10,0.001883239,130,20,110,n/a,n/a,n/a,n/a, , , 
4,11-9021,Construction Managers,370,370,0,0,10,0,10,83290,73330,57730,96070,Bachelor's degree,None,Moderate-term on-the-job training
4,11-9031,"Education Administrators, Preschool and Childcare Center/Program",160,160,0,0,0,0,0,57420,46330,37250,67510,Bachelor's degree,Less than 5 years,None
4,11-9032,"Education Administrators, Elementary and Secondary School",530,530,0,0,10,0,10,96940,95100,74170,108320,Master's degree,5 years or more,None
4,11-9033,"Education Administrators, Postsecondary",350,360,10,0.028571429,10,0,10,102550,91500,62740,122450,Master's degree,5 years or more,None
4,11-9041,Architectural and Engineering Managers,380,380,0,0,10,0,10,140070,135470,94140,163040,Bachelor's degree,5 years or more,None
4,11-9051,Food Service Managers,350,350,0,0,10,0,10,55900,51090,38930,64390,High school diploma or equivalent,Less than 5 years,None
4,11-9111,Medical and Health Services Managers,740,750,10,0.013513514,30,10,20,n/a,n/a,n/a,n/a,Bachelor's degree,None,None
4,11-9121,Natural Sciences Managers,60,60,0,0,0,0,0,139470,120480,84460,166980,Bachelor's degree,5 years or more,None
4,11-9131,Postmasters and Mail Superintendents,470,470,0,0,10,0,10,60740,57410,46030,68090,High school diploma or equivalent,Less than 5 years,Moderate-term on-the-job training
4,11-9151,Social and Community Service Managers,410,410,0,0,10,0,10,59780,56730,40500,69420,Bachelor's degree,5 years or more,None
4,11-9199,"Managers, All Other",400,400,0,0,10,0,10,71420,63160,48180,83050,High school diploma or equivalent,Less than 5 years,None
2,13-0000,Business and Financial Operations Occupations,9930,10010,80,0.008056395,250,60,190,62620,57290,38960,74460, , , 
3,13-1000,Business Operations Specialists,6030,6080,50,0.008291874,140,40,100,n/a,n/a,n/a,n/a, , , 
4,13-1011,"Agents and Business Managers of Artists, Performers, and Athletes",50,50,0,0,0,0,0,n/a,n/a,n/a,n/a,Bachelor's degree,Less than 5 years,None
4,13-1022,"Wholesale and Retail Buyers, Except Farm Products",120,120,0,0,0,0,0,52190,47100,35600,60490,High school diploma or equivalent,None,Long-term on-the-job training
4,13-1023,"Purchasing Agents, Except Wholesale, Retail, and Farm Products",660,660,0,0,10,0,10,62650,60080,41560,73190,High school diploma or equivalent,None,Long-term on-the-job training
4,13-1031,"Claims Adjusters, Examiners, and Investigators",580,570,-10,-0.017241379,10,0,10,59600,63720,37400,70710,High school diploma or equivalent,None,Long-term on-the-job training
4,13-1041,Compliance Officers,380,380,0,0,10,0,10,54920,53050,38830,62970,Bachelor's degree,None,Moderate-term on-the-job training
4,13-1051,Cost Estimators,330,340,10,0.03030303,20,10,10,52100,47400,33410,61440,Bachelor's degree,None,None
4,13-1071,Human Resources Specialists,580,580,0,0,10,0,10,52960,47950,35990,61440,Bachelor's degree,None,None
4,13-1075,Labor Relations Specialists,440,440,0,0,10,0,10,63340,53070,40220,74890,Bachelor's degree,None,None
4,13-1111,Management Analysts,870,880,10,0.011494253,20,10,10,78240,65730,49950,92390,Bachelor's degree,Less than 5 years,None
4,13-1121,"Meeting, Convention, and Event Planners",180,200,20,0.111111111,10,10,0,41650,38920,30460,47250,Bachelor's degree,None,None
4,13-1131,Fundraisers,120,120,0,0,0,0,0,53420,50250,33690,63280,Bachelor's degree,None,None
4,13-1141,"Compensation, Benefits, and Job Analysis Specialists",210,210,0,0,0,0,0,60960,55730,40330,71280,Bachelor's degree,None,None
4,13-1151,Training and Development Specialists,380,390,10,0.026315789,10,0,10,58840,55140,37950,69290,Bachelor's degree,Less than 5 years,None
4,13-1161,Market Research Analysts and Marketing Specialists,550,570,20,0.036363636,20,10,10,63920,59180,37710,77030,Bachelor's degree,None,None
4,13-1199,"Business Operations Specialists, All Other",490,490,0,0,10,0,10,59760,55900,36930,71170,High school diploma or equivalent,None,None
3,13-2000,Financial Specialists,3900,3920,20,0.005128205,110,20,90,n/a,n/a,n/a,n/a, , , 
4,13-2011,Accountants and Auditors,2030,2050,20,0.009852217,70,10,60,65640,59490,43530,76700,Bachelor's degree,None,None
4,13-2021,Appraisers and Assessors of Real Estate,320,320,0,0,0,0,0,51620,51960,40120,57370,Bachelor's degree,None,Long-term on-the-job training
4,13-2041,Credit Analysts,50,50,0,0,0,0,0,65430,54120,41850,77220,Bachelor's degree,None,None
4,13-2051,Financial Analysts,440,440,0,0,10,0,10,84630,76600,52870,100500,Bachelor's degree,None,None
4,13-2052,Personal Financial Advisors,220,230,10,0.045454545,10,10,0,80640,67320,41820,100050,Bachelor's degree,None,None
4,13-2053,Insurance Underwriters,120,110,-10,-0.083333333,0,0,0,61180,55600,35950,73800,Bachelor's degree,None,Moderate-term on-the-job training
4,13-2071,Credit Counselors,60,60,0,0,0,0,0,43360,43210,30850,49610,Bachelor's degree,None,Moderate-term on-the-job training
4,13-2072,Loan Officers,250,250,0,0,0,0,0,57690,54240,39110,66990,Bachelor's degree,None,Moderate-term on-the-job training
4,13-2081,"Tax Examiners and Collectors, and Revenue Agents",110,110,0,0,0,0,0,58950,56630,44010,66410,Bachelor's degree,None,Moderate-term on-the-job training
4,13-2082,Tax Preparers,120,120,0,0,0,0,0,30630,26690,21700,35100,High school diploma or equivalent,None,Moderate-term on-the-job training
4,13-2099,"Financial Specialists, All Other",140,140,0,0,0,0,0,62190,55950,38120,74220,Bachelor's degree,None,Moderate-term on-the-job training
2,15-0000,Computer and Mathematical Occupations,4430,4430,0,0,90,20,70,67350,62530,40910,80570, , , 
3,15-1100,Computer Occupations,4190,4170,-20,-0.00477327,70,10,60,n/a,n/a,n/a,n/a, , , 
4,15-1121,Computer Systems Analysts,550,560,10,0.018181818,10,0,10,68110,65490,47020,78650,Bachelor's degree,None,None
4,15-1122,Information Security Analysts,60,60,0,0,0,0,0,85410,82120,52070,102080,Bachelor's degree,Less than 5 years,None
4,15-1131,Computer Programmers,530,510,-20,-0.037735849,10,0,10,70970,68030,50210,81340,Bachelor's degree,None,None
4,15-1132,"Software Developers, Applications",600,600,0,0,10,0,10,76890,74650,53540,88560,Bachelor's degree,None,None
4,15-1133,"Software Developers, Systems Software",520,510,-10,-0.019230769,10,0,10,89170,88900,58980,104270,Bachelor's degree,None,None
4,15-1134,Web Developers,200,200,0,0,0,0,0,60420,52600,37160,72050,Associate's degree,None,None
4,15-1141,Database Administrators,130,130,0,0,0,0,0,57620,53860,39170,66840,Bachelor's degree,Less than 5 years,None
4,15-1142,Network and Computer Systems Administrators,460,460,0,0,10,0,10,63550,57590,40550,75050,Bachelor's degree,None,None
4,15-1143,Computer Network Architects,90,90,0,0,0,0,0,89780,88230,72090,98620,Bachelor's degree,5 years or more,None
4,15-1151,Computer User Support Specialists,810,810,0,0,10,0,10,44560,42970,30450,51610,"Some college, no degree",None,Moderate-term on-the-job training
4,15-1152,Computer Network Support Specialists,190,190,0,0,0,0,0,49610,46460,34430,57200,Associate's degree,None,None
3,15-2000,Mathematical Science Occupations,240,250,10,0.041666667,20,10,10,n/a,n/a,n/a,n/a, , , 
2,17-0000,Architecture and Engineering Occupations,6970,6980,10,0.00143472,200,40,160,75360,70640,46120,89990, , , 
3,17-1000,"Architects, Surveyors, and Cartographers",310,290,-20,-0.064516129,10,0,10,n/a,n/a,n/a,n/a, , , 
4,17-1011,"Architects, Except Landscape and Naval",150,140,-10,-0.066666667,0,0,0,66880,61270,42960,78830,Bachelor's degree,None,Internship/residency
4,17-1022,Surveyors,80,80,0,0,0,0,0,61120,53740,39210,72070,Bachelor's degree,Less than 5 years,None
3,17-2000,Engineers,4500,4510,10,0.002222222,130,20,110,n/a,n/a,n/a,n/a, , , 
4,17-2051,Civil Engineers,430,420,-10,-0.023255814,10,0,10,74080,71610,57990,82130,Bachelor's degree,None,None
4,17-2071,Electrical Engineers,600,590,-10,-0.016666667,10,0,10,93620,88720,65960,107450,Bachelor's degree,None,None
4,17-2072,"Electronics Engineers, Except Computer",290,280,-10,-0.034482759,10,0,10,94980,96470,66870,109030,Bachelor's degree,None,None
4,17-2081,Environmental Engineers,70,70,0,0,0,0,0,88350,83500,60070,102500,Bachelor's degree,None,None
4,17-2112,Industrial Engineers,780,800,20,0.025641026,30,10,20,75630,72600,48330,89280,Bachelor's degree,None,None
4,17-2141,Mechanical Engineers,740,730,-10,-0.013513514,20,0,20,81080,77790,56470,93390,Bachelor's degree,None,None
3,17-3000,"Drafters, Engineering Technicians, and Mapping Technicians",2160,2180,20,0.009259259,60,20,40,n/a,n/a,n/a,n/a, , , 
4,17-3011,Architectural and Civil Drafters,120,120,0,0,0,0,0,47910,43710,33760,54990,Associate's degree,None,None
4,17-3012,Electrical and Electronics Drafters,80,80,0,0,0,0,0,67430,71810,43460,79420,Associate's degree,None,None
4,17-3013,Mechanical Drafters,150,150,0,0,0,0,0,47870,47020,36580,53510,Associate's degree,None,None
4,17-3022,Civil Engineering Technicians,80,70,-10,-0.125,0,0,0,49100,50140,34700,56290,Associate's degree,None,None
4,17-3023,Electrical and Electronics Engineering Technicians,600,600,0,0,10,0,10,54270,55930,37580,62610,Associate's degree,None,None
4,17-3026,Industrial Engineering Technicians,490,510,20,0.040816327,20,10,10,49830,52740,36390,56560,Associate's degree,None,None
4,17-3027,Mechanical Engineering Technicians,250,250,0,0,10,0,10,48340,49220,33260,55880,Associate's degree,None,None
4,17-3031,Surveying and Mapping Technicians,70,70,0,0,0,0,0,42080,41750,32110,47070,High school diploma or equivalent,None,Moderate-term on-the-job training
2,19-0000,"Life, Physical, and Social Science Occupations",2480,2560,80,0.032258065,110,40,70,62050,56780,33020,76570, , , 
3,19-1000,Life Scientists,430,450,20,0.046511628,20,10,10,n/a,n/a,n/a,n/a, , , 
4,19-1031,Conservation Scientists,130,130,0,0,0,0,0,62650,65550,45520,71220,Bachelor's degree,None,None
4,19-1032,Foresters,50,50,0,0,0,0,0,64250,64790,54220,69270,Bachelor's degree,None,None
3,19-2000,Physical Scientists,440,460,20,0.045454545,20,10,10,n/a,n/a,n/a,n/a, , , 
4,19-2031,Chemists,200,210,10,0.05,10,0,10,79210,78510,47490,95070,Bachelor's degree,None,None
4,19-2041,"Environmental Scientists and Specialists, Including Health",70,70,0,0,0,0,0,67320,64920,47010,77470,Bachelor's degree,None,None
3,19-3000,Social Scientists and Related Workers,760,770,10,0.013157895,30,10,20,n/a,n/a,n/a,n/a, , , 
4,19-3031,"Clinical, Counseling, and School Psychologists",420,420,0,0,10,0,10,70250,67940,49130,80800,Doctoral or professional degree,None,Internship/residency
4,19-3032,Industrial-Organizational Psychologists,80,90,10,0.125,10,10,0,n/a,n/a,n/a,n/a,Master's degree,None,Internship/residency
4,19-3051,Urban and Regional Planners,70,70,0,0,0,0,0,60480,59020,43580,68930,Master's degree,None,None
4,19-3093,Historians,80,80,0,0,0,0,0,30310,28990,27360,31780,Master's degree,None,None
3,19-4000,"Life, Physical, and Social Science Technicians",850,890,40,0.047058824,50,20,30,n/a,n/a,n/a,n/a, , , 
4,19-4031,Chemical Technicians,200,210,10,0.05,20,10,10,49800,50020,36620,56390,Associate's degree,None,Moderate-term on-the-job training
4,19-4091,"Environmental Science and Protection Technicians, Including Health",50,50,0,0,0,0,0,42430,39260,28100,49600,Associate's degree,None,None
4,19-4093,Forest and Conservation Technicians,90,90,0,0,0,0,0,48720,48990,39570,53300,Associate's degree,None,None
2,21-0000,Community and Social Service Occupations,6420,6440,20,0.003115265,160,20,140,43480,40940,26550,51940, , , 
3,21-1000,"Counselors, Social Workers, and Other Community and Social Service Specialists",5800,5820,20,0.003448276,150,20,130,n/a,n/a,n/a,n/a, , , 
4,21-1011,Substance Abuse and Behavioral Disorder Counselors,180,170,-10,-0.055555556,0,0,0,38270,36420,27280,43760,High school diploma or equivalent,None,Moderate-term on-the-job training
4,21-1012,"Educational, Guidance, School, and Vocational Counselors",810,810,0,0,20,0,20,54640,50800,36550,63680,Master's degree,None,None
4,21-1013,Marriage and Family Therapists,70,70,0,0,0,0,0,40700,38900,28370,46860,Master's degree,None,Internship/residency
4,21-1014,Mental Health Counselors,160,160,0,0,0,0,0,42610,38760,31610,48110,Master's degree,None,Internship/residency
4,21-1015,Rehabilitation Counselors,470,470,0,0,10,0,10,32360,28940,22240,37410,Master's degree,None,None
4,21-1021,"Child, Family, and School Social Workers",720,720,0,0,20,0,20,48350,45720,33390,55830,Bachelor's degree,None,None
4,21-1022,Healthcare Social Workers,260,260,0,0,10,0,10,53330,52990,38390,60800,Master's degree,None,None
4,21-1023,Mental Health and Substance Abuse Social Workers,240,240,0,0,10,0,10,50400,50270,34500,58350,Bachelor's degree,None,None
4,21-1029,"Social Workers, All Other",510,510,0,0,10,0,10,48250,49310,33110,55820,Bachelor's degree,None,None
4,21-1091,Health Educators,130,130,0,0,0,0,0,42360,38910,30170,48460,Bachelor's degree,None,None
4,21-1093,Social and Human Service Assistants,1760,1770,10,0.005681818,50,10,40,34070,31740,22250,39990,High school diploma or equivalent,None,Short-term on-the-job training
4,21-1094,Community Health Workers,60,60,0,0,0,0,0,44040,38290,30370,50870,High school diploma or equivalent,None,Short-term on-the-job training
4,21-1099,"Community and Social Service Specialists, All Other",190,190,0,0,0,0,0,50750,52590,32530,59870,Master's degree,None,None
3,21-2000,Religious Workers,620,610,-10,-0.016129032,10,0,10,n/a,n/a,n/a,n/a, , , 
4,21-2011,Clergy,470,480,10,0.021276596,10,0,10,44360,44580,21970,55560,Bachelor's degree,None,Moderate-term on-the-job training
4,21-2021,"Directors, Religious Activities and Education",100,100,0,0,0,0,0,39110,31060,24730,46300,Bachelor's degree,Less than 5 years,None
2,23-0000,Legal Occupations,1610,1620,10,0.00621118,30,10,20,87570,83010,39970,111370, , , 
3,23-1000,"Lawyers, Judges, and Related Workers",1200,1210,10,0.008333333,30,10,20,n/a,n/a,n/a,n/a, , , 
4,23-1011,Lawyers,490,490,0,0,10,0,10,93480,84490,59650,110390,Doctoral or professional degree,None,None
4,23-1022,"Arbitrators, Mediators, and Conciliators",180,180,0,0,0,0,0,46920,32250,21920,59410,Bachelor's degree,Less than 5 years,Moderate-term on-the-job training
4,23-1023,"Judges, Magistrate Judges, and Magistrates",340,340,0,0,10,0,10,131360,135750,119600,137240,Doctoral or professional degree,5 years or more,Short-term on-the-job training
3,23-2000,Legal Support Workers,410,410,0,0,10,0,10,n/a,n/a,n/a,n/a, , , 
4,23-2011,Paralegals and Legal Assistants,290,300,10,0.034482759,0,0,0,40530,39420,32170,44720,Associate's degree,None,None
2,25-0000,"Education, Training, and Library Occupations",31150,31330,180,0.005778491,720,130,590,51490,46560,25040,64720, , , 
3,25-1000,Postsecondary Teachers,8840,8990,150,0.016968326,210,90,120,n/a,n/a,n/a,n/a, , , 
4,25-1011,"Business Teachers, Postsecondary",200,200,0,0,0,0,0,86100,75450,49380,104470,Doctoral or professional degree,None,None
4,25-1021,"Computer Science Teachers, Postsecondary",90,90,0,0,0,0,0,73190,65900,49650,84960,Doctoral or professional degree,None,None
4,25-1022,"Mathematical Science Teachers, Postsecondary",250,250,0,0,0,0,0,72620,57800,43690,87090,Doctoral or professional degree,None,None
4,25-1032,"Engineering Teachers, Postsecondary",60,60,0,0,0,0,0,85600,83560,56730,100040,Doctoral or professional degree,None,None
4,25-1042,"Biological Science Teachers, Postsecondary",120,120,0,0,0,0,0,65270,57780,41630,77090,Doctoral or professional degree,None,None
4,25-1052,"Chemistry Teachers, Postsecondary",70,70,0,0,0,0,0,73840,68020,46590,87470,Doctoral or professional degree,None,None
4,25-1066,"Psychology Teachers, Postsecondary",140,130,-10,-0.071428571,0,0,0,77870,66950,45810,93890,Doctoral or professional degree,None,None
4,25-1067,"Sociology Teachers, Postsecondary",60,60,0,0,0,0,0,64100,62350,47250,72520,Doctoral or professional degree,None,None
4,25-1072,"Nursing Instructors and Teachers, Postsecondary",150,160,10,0.066666667,0,0,0,66920,58640,41530,79610,Master's degree,Less than 5 years,None
4,25-1111,"Criminal Justice and Law Enforcement Teachers, Postsecondary",50,50,0,0,0,0,0,76820,63660,39100,95680,Doctoral or professional degree,None,None
4,25-1123,"English Language and Literature Teachers, Postsecondary",340,340,0,0,0,0,0,68530,58580,42940,81320,Doctoral or professional degree,None,None
4,25-1124,"Foreign Language and Literature Teachers, Postsecondary",110,110,0,0,0,0,0,81780,67160,49460,97940,Doctoral or professional degree,None,None
4,25-1125,"History Teachers, Postsecondary",130,130,0,0,0,0,0,84770,73060,47610,103360,Doctoral or professional degree,None,None
4,25-1193,"Recreation and Fitness Studies Teachers, Postsecondary",160,160,0,0,0,0,0,70260,60190,42740,84020,Doctoral or professional degree,None,None
4,25-1194,"Vocational Education Teachers, Postsecondary",260,270,10,0.038461538,0,0,0,47790,37760,29100,57140,Bachelor's degree,Less than 5 years,None
4,25-1199,"Postsecondary Teachers, All Other",4190,4240,50,0.011933174,90,30,60,60340,47800,38440,71290,Doctoral or professional degree,None,None
3,25-2000,"Preschool, Primary, Secondary, and Special Education School Teachers",10730,10770,40,0.003727866,280,30,250,n/a,n/a,n/a,n/a, , , 
4,25-2011,"Preschool Teachers, Except Special Education",1090,1100,10,0.009174312,30,0,30,33360,28340,20680,39700,Associate's degree,None,None
4,25-2012,"Kindergarten Teachers, Except Special Education",330,330,0,0,10,0,10,55620,55990,33510,66670,Bachelor's degree,None,Internship/residency
4,25-2021,"Elementary School Teachers, Except Special Education",3020,3040,20,0.006622517,80,10,70,62530,57990,42800,72390,Bachelor's degree,None,Internship/residency
4,25-2022,"Middle School Teachers, Except Special and Career/Technical Education",1430,1450,20,0.013986014,40,10,30,59900,57240,45920,66900,Bachelor's degree,None,Internship/residency
4,25-2031,"Secondary School Teachers, Except Special and Career/Technical Education",3000,2990,-10,-0.003333333,80,0,80,61510,57770,43770,70370,Bachelor's degree,None,Internship/residency
4,25-2032,"Career/Technical Education Teachers, Secondary School",210,210,0,0,10,0,10,61070,58920,46800,68200,Bachelor's degree,Less than 5 years,Internship/residency
4,25-2051,"Special Education Teachers, Preschool",80,90,10,0.125,10,10,0,65350,59210,39010,78520,Bachelor's degree,None,Internship/residency
4,25-2052,"Special Education Teachers, Kindergarten and Elementary School",590,590,0,0,10,0,10,61160,57830,44960,69260,Bachelor's degree,None,Internship/residency
4,25-2053,"Special Education Teachers, Middle School",350,350,0,0,10,0,10,60150,57820,46980,66740,Bachelor's degree,None,Internship/residency
4,25-2054,"Special Education Teachers, Secondary School",560,550,-10,-0.017857143,10,0,10,62040,57960,47840,69150,Bachelor's degree,None,Internship/residency
3,25-3000,Other Teachers and Instructors,5520,5520,0,0,100,10,90,n/a,n/a,n/a,n/a, , , 
4,25-3021,Self-Enrichment Education Teachers,680,680,0,0,10,0,10,39140,37350,22020,47690,High school diploma or equivalent,Less than 5 years,None
4,25-3098,Substitute Teachers,2970,2950,-20,-0.006734007,50,0,50,29410,28400,23050,32590,Bachelor's degree,None,Internship/residency
3,25-4000,"Librarians, Curators, and Archivists",710,720,10,0.014084507,20,0,20,n/a,n/a,n/a,n/a, , , 
4,25-4021,Librarians,480,480,0,0,10,0,10,57530,56230,39270,66660,Master's degree,None,None
4,25-4031,Library Technicians,200,200,0,0,10,0,10,34100,33500,19330,41490,Postsecondary non-degree award,None,None
3,25-9000,"Other Education, Training, and Library Occupations",5360,5340,-20,-0.003731343,100,0,100,n/a,n/a,n/a,n/a, , , 
4,25-9031,Instructional Coordinators,590,590,0,0,0,0,0,64790,59970,41230,76580,Master's degree,5 years or more,None
4,25-9041,Teacher Assistants,4660,4650,-10,-0.002145923,100,0,100,23310,21270,17060,26440,"Some college, no degree",None,None
2,27-0000,"Arts, Design, Entertainment, Sports, and Media Occupations",5110,5140,30,0.005870841,150,30,120,45530,37770,22300,57140, , , 
3,27-1000,Art and Design Workers,1310,1320,10,0.007633588,40,10,30,n/a,n/a,n/a,n/a, , , 
4,27-1011,Art Directors,90,90,0,0,0,0,0,79580,53510,41770,98490,Bachelor's degree,5 years or more,None
4,27-1014,Multimedia Artists and Animators,90,90,0,0,0,0,0,76560,73180,58650,85520,Bachelor's degree,None,Moderate-term on-the-job training
4,27-1021,Commercial and Industrial Designers,100,100,0,0,0,0,0,57490,60520,37390,67540,Bachelor's degree,None,None
4,27-1023,Floral Designers,140,140,0,0,0,0,0,27800,27620,20280,31570,High school diploma or equivalent,None,Moderate-term on-the-job training
4,27-1024,Graphic Designers,300,300,0,0,10,0,10,39160,31480,25730,45880,Bachelor's degree,None,None
4,27-1026,Merchandise Displayers and Window Trimmers,130,130,0,0,0,0,0,28260,27000,21670,31560,High school diploma or equivalent,None,Moderate-term on-the-job training
4,27-1027,Set and Exhibit Designers,50,50,0,0,0,0,0,n/a,n/a,n/a,n/a,Bachelor's degree,None,None
3,27-2000,"Entertainers and Performers, Sports and Related Workers",1710,1730,20,0.011695906,60,10,50,n/a,n/a,n/a,n/a, , , 
4,27-2012,Producers and Directors,170,170,0,0,10,0,10,52540,46920,27900,64860,Bachelor's degree,Less than 5 years,None
4,27-2022,Coaches and Scouts,580,590,10,0.017241379,30,10,20,45630,38980,22250,57320,Bachelor's degree,None,None
4,27-2041,Music Directors and Composers,300,300,0,0,10,0,10,47280,45570,31020,55420,Bachelor's degree,Less than 5 years,None
4,27-2042,Musicians and Singers,350,350,0,0,10,0,10,n/a,n/a,n/a,n/a,High school diploma or equivalent,None,Long-term on-the-job training
3,27-3000,Media and Communication Workers,1610,1600,-10,-0.00621118,40,10,30,n/a,n/a,n/a,n/a, , , 
4,27-3011,Radio and Television Announcers,160,160,0,0,0,0,0,40920,25600,17260,52740,Bachelor's degree,None,None
4,27-3021,Broadcast News Analysts,70,70,0,0,0,0,0,36030,33540,27430,40330,Bachelor's degree,None,None
4,27-3022,Reporters and Correspondents,80,70,-10,-0.125,0,0,0,37810,29910,18160,47640,Bachelor's degree,None,None
4,27-3031,Public Relations Specialists,470,480,10,0.021276596,10,0,10,44660,42460,28940,52520,Bachelor's degree,None,None
4,27-3041,Editors,280,270,-10,-0.035714286,10,0,10,56450,45120,22930,73200,Bachelor's degree,Less than 5 years,None
4,27-3042,Technical Writers,90,90,0,0,0,0,0,57170,53340,38550,66480,Bachelor's degree,Less than 5 years,Short-term on-the-job training
4,27-3043,Writers and Authors,330,320,-10,-0.03030303,10,0,10,57490,51720,29890,71290,Bachelor's degree,None,Moderate-term on-the-job training
4,27-3091,Interpreters and Translators,70,70,0,0,0,0,0,44550,50190,27650,53000,Bachelor's degree,None,Short-term on-the-job training
3,27-4000,Media and Communication Equipment Workers,480,490,10,0.020833333,10,0,10,n/a,n/a,n/a,n/a, , , 
4,27-4011,Audio and Video Equipment Technicians,140,140,0,0,0,0,0,42160,42010,25730,50380,Postsecondary non-degree award,None,Short-term on-the-job training
4,27-4012,Broadcast Technicians,50,50,0,0,0,0,0,25370,21970,17360,29380,Associate's degree,None,Short-term on-the-job training
2,29-0000,Healthcare Practitioners and Technical Occupations,22120,22420,300,0.013562387,560,160,400,72730,60140,37680,90260, , , 
3,29-1000,Health Diagnosing and Treating Practitioners,14680,14840,160,0.010899183,350,90,260,n/a,n/a,n/a,n/a, , , 
4,29-1011,Chiropractors,70,70,0,0,0,0,0,72730,61990,49990,84100,Doctoral or professional degree,None,None
4,29-1021,"Dentists, General",210,210,0,0,10,0,10,194460,">$187,200",107070,">$187,200",Doctoral or professional degree,None,None
4,29-1031,Dietitians and Nutritionists,190,190,0,0,0,0,0,56160,51560,41050,63710,Bachelor's degree,None,Internship/residency
4,29-1041,Optometrists,60,60,0,0,0,0,0,135470,117110,86120,160140,Doctoral or professional degree,None,None
4,29-1051,Pharmacists,660,660,0,0,20,0,20,125110,122900,95550,139890,Doctoral or professional degree,None,None
4,29-1062,Family and General Practitioners,90,90,0,0,0,0,0,171030,153790,107820,">$187,200",Doctoral or professional degree,None,Internship/residency
4,29-1066,Psychiatrists,100,100,0,0,0,0,0,165630,164520,117790,">$187,200",Doctoral or professional degree,None,Internship/residency
4,29-1069,"Physicians and Surgeons, All Other",1370,1390,20,0.01459854,40,10,30,200480,">$187,200",119840,">$187,200",Doctoral or professional degree,None,Internship/residency
4,29-1071,Physician Assistants,250,260,10,0.04,0,0,0,91190,90440,80570,96500,Master's degree,None,None
4,29-1122,Occupational Therapists,350,360,10,0.028571429,0,0,0,70240,69020,48040,81340,Master's degree,None,None
4,29-1123,Physical Therapists,540,550,10,0.018518519,20,10,10,77570,75560,61720,85490,Doctoral or professional degree,None,None
4,29-1125,Recreational Therapists,150,150,0,0,0,0,0,49850,50500,32830,58360,Bachelor's degree,None,None
4,29-1126,Respiratory Therapists,340,340,0,0,0,0,0,61840,63750,48190,68670,Associate's degree,None,None
4,29-1127,Speech-Language Pathologists,380,380,0,0,10,0,10,69060,66460,48490,79350,Master's degree,None,None
4,29-1131,Veterinarians,120,120,0,0,0,0,0,97300,81370,63060,114420,Doctoral or professional degree,None,None
4,29-1141,Registered Nurses,8710,8810,100,0.011481056,200,50,150,63680,62460,48110,71470,Associate's degree,None,None
4,29-1171,Nurse Practitioners,530,540,10,0.018867925,20,10,10,89420,90420,68760,99750,Master's degree,None,None
3,29-2000,Health Technologists and Technicians,7160,7300,140,0.019553073,200,70,130,n/a,n/a,n/a,n/a, , , 
4,29-2011,Medical and Clinical Laboratory Technologists,360,360,0,0,10,0,10,62930,62320,51340,68730,Bachelor's degree,None,None
4,29-2021,Dental Hygienists,430,440,10,0.023255814,20,10,10,56880,56000,51030,59800,Associate's degree,None,None
4,29-2031,Cardiovascular Technologists and Technicians,190,190,0,0,0,0,0,55670,52270,35390,65820,Associate's degree,None,None
4,29-2032,Diagnostic Medical Sonographers,140,150,10,0.071428571,0,0,0,65760,66080,53570,71850,Associate's degree,None,None
4,29-2033,Nuclear Medicine Technologists,50,50,0,0,0,0,0,77690,76850,66170,83450,Associate's degree,None,None
4,29-2034,Radiologic Technologists,740,750,10,0.013513514,20,10,10,57770,57040,43640,64830,Associate's degree,None,None
4,29-2041,Emergency Medical Technicians and Paramedics,800,820,20,0.025,30,10,20,34070,33090,22710,39750,Postsecondary non-degree award,None,None
4,29-2051,Dietetic Technicians,50,50,0,0,0,0,0,32080,32800,22000,37110,Associate's degree,None,None
4,29-2052,Pharmacy Technicians,500,500,0,0,0,0,0,28600,26630,21690,32060,High school diploma or equivalent,None,Moderate-term on-the-job training
4,29-2055,Surgical Technologists,310,320,10,0.032258065,0,0,0,43780,42670,32240,49550,Postsecondary non-degree award,None,None
4,29-2056,Veterinary Technologists and Technicians,160,170,10,0.0625,10,10,0,34290,33320,26690,38080,Associate's degree,None,None
4,29-2057,Ophthalmic Medical Technicians,60,60,0,0,0,0,0,33460,31860,27070,36660,Postsecondary non-degree award,None,None
4,29-2061,Licensed Practical and Licensed Vocational Nurses,1950,1990,40,0.020512821,70,20,50,38030,36750,31060,41510,Postsecondary non-degree award,None,None
4,29-2071,Medical Records and Health Information Technicians,390,400,10,0.025641026,20,10,10,36420,35150,26190,41540,Postsecondary non-degree award,None,None
4,29-2081,"Opticians, Dispensing",130,130,0,0,0,0,0,42390,42350,31450,47860,High school diploma or equivalent,None,Long-term on-the-job training
4,29-2099,"Health Technologists and Technicians, All Other",200,200,0,0,0,0,0,43480,40390,30790,49830,High school diploma or equivalent,None,None
3,29-9000,Other Healthcare Practitioners and Technical Occupations,280,280,0,0,10,0,10,n/a,n/a,n/a,n/a, , , 
4,29-9011,Occupational Health and Safety Specialists,180,180,0,0,0,0,0,62150,61700,46280,70090,Bachelor's degree,None,Short-term on-the-job training
4,29-9091,Athletic Trainers,50,50,0,0,0,0,0,45030,43810,33700,50690,Bachelor's degree,None,None
2,31-0000,Healthcare Support Occupations,10510,10650,140,0.013320647,250,70,180,29910,28350,20890,34430, , , 
3,31-1000,"Nursing, Psychiatric, and Home Health Aides",7730,7830,100,0.012936611,190,50,140,n/a,n/a,n/a,n/a, , , 
4,31-1011,Home Health Aides,2010,2070,60,0.029850746,70,30,40,24870,22800,18520,28050,Less than high school,None,Short-term on-the-job training
4,31-1013,Psychiatric Aides,560,560,0,0,10,0,10,39550,40800,31200,43730,High school diploma or equivalent,None,Short-term on-the-job training
4,31-1014,Nursing Assistants,4870,4900,30,0.006160164,110,20,90,29480,28860,21870,33290,Postsecondary non-degree award,None,None
4,31-1015,Orderlies,300,300,0,0,10,0,10,27880,27610,19200,32220,High school diploma or equivalent,None,Short-term on-the-job training
3,31-2000,Occupational Therapy and Physical Therapist Assistants and Aides,350,360,10,0.028571429,10,0,10,n/a,n/a,n/a,n/a, , , 
4,31-2021,Physical Therapist Assistants,190,200,10,0.052631579,0,0,0,51620,51040,38230,58310,Associate's degree,None,None
4,31-2022,Physical Therapist Aides,90,90,0,0,0,0,0,30090,29320,25370,32440,High school diploma or equivalent,None,Short-term on-the-job training
3,31-9000,Other Healthcare Support Occupations,2430,2460,30,0.012345679,60,20,40,n/a,n/a,n/a,n/a, , , 
4,31-9011,Massage Therapists,130,130,0,0,0,0,0,n/a,n/a,n/a,n/a,Postsecondary non-degree award,None,None
4,31-9091,Dental Assistants,670,670,0,0,10,0,10,31620,29810,25300,34780,Postsecondary non-degree award,None,None
4,31-9092,Medical Assistants,540,550,10,0.018518519,20,10,10,28410,27480,21980,31630,Postsecondary non-degree award,None,None
4,31-9094,Medical Transcriptionists,160,160,0,0,0,0,0,32940,31310,26630,36090,Postsecondary non-degree award,None,None
4,31-9095,Pharmacy Aides,160,160,0,0,0,0,0,27490,25560,19510,31480,High school diploma or equivalent,None,Short-term on-the-job training
4,31-9096,Veterinary Assistants and Laboratory Animal Caretakers,280,280,0,0,10,0,10,28170,24500,19910,32290,High school diploma or equivalent,None,Short-term on-the-job training
4,31-9099,"Healthcare Support Workers, All Other",230,230,0,0,0,0,0,33050,32540,23280,37940,High school diploma or equivalent,None,None
2,33-0000,Protective Service Occupations,5990,6010,20,0.003338898,200,20,180,50620,50730,27010,62420, , , 
3,33-1000,Supervisors of Protective Service Workers,630,630,0,0,20,0,20,n/a,n/a,n/a,n/a, , , 
4,33-1011,First-Line Supervisors of Correctional Officers,140,130,-10,-0.071428571,0,0,0,69430,70160,57460,75420,High school diploma or equivalent,Less than 5 years,Moderate-term on-the-job training
4,33-1012,First-Line Supervisors of Police and Detectives,270,270,0,0,10,0,10,81910,74940,61190,92260,High school diploma or equivalent,Less than 5 years,Moderate-term on-the-job training
4,33-1021,First-Line Supervisors of Fire Fighting and Prevention Workers,130,130,0,0,10,0,10,75500,73670,63210,81650,Postsecondary non-degree award,Less than 5 years,Moderate-term on-the-job training
4,33-1099,"First-Line Supervisors of Protective Service Workers, All Other",100,100,0,0,0,0,0,55340,55480,38420,63800,High school diploma or equivalent,Less than 5 years,None
3,33-2000,Fire Fighting and Prevention Workers,430,430,0,0,10,0,10,n/a,n/a,n/a,n/a, , , 
4,33-2011,Firefighters,380,380,0,0,10,0,10,60100,60820,48640,65840,Postsecondary non-degree award,None,Long-term on-the-job training
3,33-3000,Law Enforcement Workers,2950,2950,0,0,80,0,80,n/a,n/a,n/a,n/a, , , 
4,33-3011,Bailiffs,90,90,0,0,0,0,0,48050,53460,22460,60840,High school diploma or equivalent,None,Moderate-term on-the-job training
4,33-3051,Police and Sheriff's Patrol Officers,1320,1320,0,0,40,0,40,58600,56530,39990,67910,High school diploma or equivalent,None,Moderate-term on-the-job training
3,33-9000,Other Protective Service Workers,1970,2010,40,0.020304569,90,20,70,n/a,n/a,n/a,n/a, , , 
4,33-9011,Animal Control Workers,170,170,0,0,0,0,0,31100,31220,24380,34470,High school diploma or equivalent,None,Moderate-term on-the-job training
4,33-9032,Security Guards,1000,1020,20,0.02,20,10,10,33520,31780,20080,40240,High school diploma or equivalent,None,Short-term on-the-job training
4,33-9091,Crossing Guards,230,230,0,0,0,0,0,20860,21240,17070,22750,High school diploma or equivalent,None,Short-term on-the-job training
4,33-9092,"Lifeguards, Ski Patrol, and Other Recreational Protective Service Workers",230,230,0,0,20,0,20,18020,17950,16950,18560,High school diploma or equivalent,None,Short-term on-the-job training
4,33-9099,"Protective Service Workers, All Other",140,150,10,0.071428571,20,0,20,23820,21270,16710,27370,High school diploma or equivalent,None,Short-term on-the-job training
2,35-0000,Food Preparation and Serving Related Occupations,23670,24330,660,0.027883397,1420,340,1080,20870,18950,16940,22840, , , 
3,35-1000,Supervisors of Food Preparation and Serving Workers,1810,1870,60,0.033149171,80,30,50,n/a,n/a,n/a,n/a, , , 
4,35-1011,Chefs and Head Cooks,230,230,0,0,0,0,0,43820,41670,26850,52310,High school diploma or equivalent,5 years or more,None
4,35-1012,First-Line Supervisors of Food Preparation and Serving Workers,1580,1640,60,0.037974684,80,30,50,31190,29680,22300,35640,High school diploma or equivalent,Less than 5 years,None
3,35-2000,Cooks and Food Preparation Workers,5360,5440,80,0.014925373,170,40,130,n/a,n/a,n/a,n/a, , , 
4,35-2011,"Cooks, Fast Food",420,430,10,0.023809524,20,10,10,19900,19090,16840,21440,Less than high school,None,Short-term on-the-job training
4,35-2012,"Cooks, Institution and Cafeteria",800,800,0,0,20,0,20,26510,24340,19080,30230,Less than high school,None,Short-term on-the-job training
4,35-2014,"Cooks, Restaurant",1250,1310,60,0.048,60,30,30,24200,23050,19280,26670,Less than high school,Less than 5 years,Moderate-term on-the-job training
4,35-2015,"Cooks, Short Order",720,740,20,0.027777778,20,10,10,20570,19960,17120,22290,Less than high school,None,Short-term on-the-job training
4,35-2021,Food Preparation Workers,2010,2010,0,0,70,0,70,20160,19140,16970,21750,Less than high school,None,Short-term on-the-job training
3,35-3000,Food and Beverage Serving Workers,13920,14360,440,0.031609195,940,220,720,n/a,n/a,n/a,n/a, , , 
4,35-3011,Bartenders,1790,1850,60,0.033519553,100,30,70,19660,18470,16900,21040,Less than high school,None,Short-term on-the-job training
4,35-3021,"Combined Food Preparation and Serving Workers, Including Fast Food",6180,6420,240,0.038834951,420,120,300,18330,18080,16920,19030,Less than high school,None,Short-term on-the-job training
4,35-3022,"Counter Attendants, Cafeteria, Food Concession, and Coffee Shop",1290,1310,20,0.015503876,130,10,120,18410,18290,16940,19140,Less than high school,None,Short-term on-the-job training
4,35-3031,Waiters and Waitresses,4240,4350,110,0.025943396,270,50,220,20330,18770,16970,22010,Less than high school,None,Short-term on-the-job training
4,35-3041,"Food Servers, Nonrestaurant",430,440,10,0.023255814,20,10,10,21150,19390,16920,23270,Less than high school,None,Short-term on-the-job training
3,35-9000,Other Food Preparation and Serving Related Workers,2590,2660,70,0.027027027,220,40,180,n/a,n/a,n/a,n/a, , , 
4,35-9011,Dining Room and Cafeteria Attendants and Bartender Helpers,670,690,20,0.029850746,50,10,40,18650,18170,16860,19540,Less than high school,None,Short-term on-the-job training
4,35-9021,Dishwashers,1310,1350,40,0.030534351,100,20,80,18410,18240,16970,19130,Less than high school,None,Short-term on-the-job training
2,37-0000,Building and Grounds Cleaning and Maintenance Occupations,12210,12430,220,0.018018018,340,110,230,25150,22800,17010,29210, , , 
3,37-1000,Supervisors of Building and Grounds Cleaning and Maintenance Workers,740,760,20,0.027027027,20,10,10,n/a,n/a,n/a,n/a, , , 
4,37-1011,First-Line Supervisors of Housekeeping and Janitorial Workers,480,490,10,0.020833333,20,10,10,41970,40020,28500,48710,High school diploma or equivalent,Less than 5 years,None
4,37-1012,"First-Line Supervisors of Landscaping, Lawn Service, and Groundskeeping Workers",260,270,10,0.038461538,0,0,0,44420,43930,30080,51590,High school diploma or equivalent,Less than 5 years,None
3,37-2000,Building Cleaning and Pest Control Workers,9560,9730,170,0.017782427,260,90,170,n/a,n/a,n/a,n/a, , , 
4,37-2011,"Janitors and Cleaners, Except Maids and Housekeeping Cleaners",6720,6830,110,0.016369048,170,60,110,24370,22890,17270,27910,Less than high school,None,Short-term on-the-job training
4,37-2012,Maids and Housekeeping Cleaners,2670,2720,50,0.018726592,80,30,50,21170,18940,16920,23300,Less than high school,None,Short-term on-the-job training
3,37-3000,Grounds Maintenance Workers,1910,1940,30,0.015706806,70,20,50,n/a,n/a,n/a,n/a, , , 
4,37-3011,Landscaping and Groundskeeping Workers,1570,1600,30,0.01910828,50,10,40,25050,23710,17970,28590,Less than high school,None,Short-term on-the-job training
2,39-0000,Personal Care and Service Occupations,12100,12320,220,0.018181818,370,110,260,25470,22190,16960,29720, , , 
3,39-1000,Supervisors of Personal Care and Service Workers,620,630,10,0.016129032,10,0,10,n/a,n/a,n/a,n/a, , , 
4,39-1021,First-Line Supervisors of Personal Service Workers,600,610,10,0.016666667,10,0,10,38270,36380,28380,43210,High school diploma or equivalent,Less than 5 years,None
3,39-2000,Animal Care and Service Workers,500,520,20,0.04,20,10,10,n/a,n/a,n/a,n/a, , , 
3,39-3000,Entertainment Attendants and Related Workers,550,570,20,0.036363636,50,10,40,n/a,n/a,n/a,n/a, , , 
4,39-3021,Motion Picture Projectionists,50,50,0,0,0,0,0,19170,19200,17010,20250,Less than high school,None,Short-term on-the-job training
4,39-3031,"Ushers, Lobby Attendants, and Ticket Takers",170,180,10,0.058823529,20,10,10,17130,17590,16850,17270,Less than high school,None,Short-term on-the-job training
4,39-3091,Amusement and Recreation Attendants,290,300,10,0.034482759,20,0,20,18540,18230,16950,19340,Less than high school,None,Short-term on-the-job training
3,39-4000,Funeral Service Workers,140,150,10,0.071428571,0,0,0,n/a,n/a,n/a,n/a, , , 
4,39-4021,Funeral Attendants,60,60,0,0,0,0,0,29400,28780,27570,30310,High school diploma or equivalent,None,Short-term on-the-job training
4,39-4031,"Morticians, Undertakers, and Funeral Directors",90,90,0,0,0,0,0,55210,46380,43630,61000,Associate's degree,None,Long-term on-the-job training
3,39-5000,Personal Appearance Workers,1080,1080,0,0,20,0,20,n/a,n/a,n/a,n/a, , , 
4,39-5012,"Hairdressers, Hairstylists, and Cosmetologists",830,830,0,0,20,0,20,25830,22970,18600,29450,Postsecondary non-degree award,None,None
3,39-6000,"Baggage Porters, Bellhops, and Concierges",50,50,0,0,0,0,0,n/a,n/a,n/a,n/a, , , 
3,39-7000,Tour and Travel Guides,170,170,0,0,10,0,10,n/a,n/a,n/a,n/a, , , 
3,39-9000,Other Personal Care and Service Workers,9000,9160,160,0.017777778,260,80,180,n/a,n/a,n/a,n/a, , , 
4,39-9011,Childcare Workers,3920,3960,40,0.010204082,140,20,120,20790,19340,16960,22710,High school diploma or equivalent,None,Short-term on-the-job training
4,39-9021,Personal Care Aides,3130,3220,90,0.028753994,60,40,20,26220,22980,17580,30550,Less than high school,None,Short-term on-the-job training
4,39-9031,Fitness Trainers and Aerobics Instructors,370,380,10,0.027027027,0,0,0,28690,21710,17110,34480,High school diploma or equivalent,None,Short-term on-the-job training
4,39-9032,Recreation Workers,840,850,10,0.011904762,20,10,10,29040,25980,17670,34720,Bachelor's degree,None,None
4,39-9041,Residential Advisors,630,640,10,0.015873016,30,0,30,30600,30400,22370,34710,High school diploma or equivalent,None,Short-term on-the-job training
4,39-9099,"Personal Care and Service Workers, All Other",100,100,0,0,0,0,0,32000,34100,24800,35600,High school diploma or equivalent,None,Short-term on-the-job training
2,41-0000,Sales and Related Occupations,26830,26820,-10,-0.000372717,990,50,940,32160,22740,17120,39690, , , 
3,41-1000,Supervisors of Sales Workers,2890,2890,0,0,60,0,60,n/a,n/a,n/a,n/a, , , 
4,41-1011,First-Line Supervisors of Retail Sales Workers,2360,2370,10,0.004237288,50,0,50,41580,36360,26890,48930,High school diploma or equivalent,Less than 5 years,None
4,41-1012,First-Line Supervisors of Non-Retail Sales Workers,520,520,0,0,10,0,10,84130,80300,52460,99970,High school diploma or equivalent,Less than 5 years,None
3,41-2000,Retail Sales Workers,17520,17490,-30,-0.001712329,760,10,750,n/a,n/a,n/a,n/a, , , 
4,41-2011,Cashiers,7060,7000,-60,-0.008498584,380,0,380,19120,18640,17080,20130,Less than high school,None,Short-term on-the-job training
4,41-2021,Counter and Rental Clerks,810,820,10,0.012345679,30,10,20,24590,21890,17160,28310,Less than high school,None,Short-term on-the-job training
4,41-2022,Parts Salespersons,410,420,10,0.024390244,20,10,10,28820,27060,19810,33330,Less than high school,None,Moderate-term on-the-job training
4,41-2031,Retail Salespersons,9210,9220,10,0.001085776,340,0,340,24740,21050,17120,28550,Less than high school,None,Short-term on-the-job training
3,41-3000,"Sales Representatives, Services",1980,1950,-30,-0.015151515,50,0,50,n/a,n/a,n/a,n/a, , , 
4,41-3011,Advertising Sales Agents,230,220,-10,-0.043478261,10,0,10,42090,33620,18260,54010,High school diploma or equivalent,None,Moderate-term on-the-job training
4,41-3021,Insurance Sales Agents,620,600,-20,-0.032258065,10,0,10,52510,38300,27340,65090,High school diploma or equivalent,None,Moderate-term on-the-job training
4,41-3031,"Securities, Commodities, and Financial Services Sales Agents",260,260,0,0,10,0,10,110980,86890,49490,141730,Bachelor's degree,None,Moderate-term on-the-job training
4,41-3041,Travel Agents,90,90,0,0,0,0,0,32050,28920,26060,35040,High school diploma or equivalent,None,Moderate-term on-the-job training
4,41-3099,"Sales Representatives, Services, All Other",790,800,10,0.012658228,20,0,20,60380,52180,28950,76100,High school diploma or equivalent,None,Short-term on-the-job training
3,41-4000,"Sales Representatives, Wholesale and Manufacturing",2860,2890,30,0.01048951,80,20,60,n/a,n/a,n/a,n/a, , , 
4,41-4011,"Sales Representatives, Wholesale and Manufacturing, Technical and Scientific Products",380,370,-10,-0.026315789,10,0,10,93090,76000,47430,115920,Bachelor's degree,None,Moderate-term on-the-job training
4,41-4012,"Sales Representatives, Wholesale and Manufacturing, Except Technical and Scientific Products",2480,2520,40,0.016129032,70,20,50,56290,48440,30370,69240,High school diploma or equivalent,None,Moderate-term on-the-job training
3,41-9000,Other Sales and Related Workers,1580,1590,10,0.006329114,40,10,30,n/a,n/a,n/a,n/a, , , 
4,41-9011,Demonstrators and Product Promoters,70,70,0,0,0,0,0,31320,20960,17400,38290,High school diploma or equivalent,None,Short-term on-the-job training
4,41-9022,Real Estate Sales Agents,460,470,10,0.02173913,0,0,0,69920,48270,33700,88030,High school diploma or equivalent,None,Long-term on-the-job training
4,41-9031,Sales Engineers,100,100,0,0,0,0,0,84640,85860,58870,97520,Bachelor's degree,None,Moderate-term on-the-job training
4,41-9099,"Sales and Related Workers, All Other",160,160,0,0,0,0,0,21700,20480,17150,23970,High school diploma or equivalent,None,None
2,43-0000,Office and Administrative Support Occupations,48590,48610,20,0.000411607,1200,170,1030,32350,29550,19770,38640, , , 
3,43-1000,Supervisors of Office and Administrative Support Workers,2760,2790,30,0.010869565,80,20,60,n/a,n/a,n/a,n/a, , , 
4,43-1011,First-Line Supervisors of Office and Administrative Support Workers,2760,2790,30,0.010869565,80,20,60,49920,46800,33390,58190,High school diploma or equivalent,Less than 5 years,None
3,43-2000,Communications Equipment Operators,400,390,-10,-0.025,10,0,10,n/a,n/a,n/a,n/a, , , 
4,43-2011,"Switchboard Operators, Including Answering Service",360,350,-10,-0.027777778,10,0,10,25180,23010,17530,29010,High school diploma or equivalent,None,Short-term on-the-job training
3,43-3000,Financial Clerks,7930,8050,120,0.015132409,210,60,150,n/a,n/a,n/a,n/a, , , 
4,43-3011,Bill and Account Collectors,1010,1030,20,0.01980198,40,10,30,30330,28890,22420,34280,High school diploma or equivalent,None,Moderate-term on-the-job training
4,43-3021,Billing and Posting Clerks,840,850,10,0.011904762,20,10,10,30040,28790,22230,33950,High school diploma or equivalent,None,Short-term on-the-job training
4,43-3031,"Bookkeeping, Accounting, and Auditing Clerks",4430,4500,70,0.015801354,70,30,40,34010,33220,23620,39210,High school diploma or equivalent,None,Moderate-term on-the-job training
4,43-3051,Payroll and Timekeeping Clerks,410,420,10,0.024390244,20,10,10,35240,33300,24300,40710,High school diploma or equivalent,None,Moderate-term on-the-job training
4,43-3061,Procurement Clerks,160,160,0,0,0,0,0,33920,34290,24280,38740,High school diploma or equivalent,None,Moderate-term on-the-job training
4,43-3071,Tellers,1060,1050,-10,-0.009433962,60,0,60,25660,25130,21120,27930,High school diploma or equivalent,None,Short-term on-the-job training
3,43-4000,Information and Record Clerks,11030,11070,40,0.003626473,330,40,290,n/a,n/a,n/a,n/a, , , 
4,43-4011,Brokerage Clerks,80,80,0,0,0,0,0,36300,35900,29180,39860,High school diploma or equivalent,None,Moderate-term on-the-job training
4,43-4031,"Court, Municipal, and License Clerks",310,310,0,0,0,0,0,37780,34290,23290,45020,High school diploma or equivalent,None,Moderate-term on-the-job training
4,43-4051,Customer Service Representatives,4720,4750,30,0.006355932,140,20,120,33240,29780,20250,39740,High school diploma or equivalent,None,Short-term on-the-job training
4,43-4071,File Clerks,450,440,-10,-0.022222222,10,0,10,22620,19250,17000,25430,High school diploma or equivalent,None,Short-term on-the-job training
4,43-4081,"Hotel, Motel, and Resort Desk Clerks",320,340,20,0.0625,30,10,20,23000,21650,17200,25900,High school diploma or equivalent,None,Short-term on-the-job training
4,43-4111,"Interviewers, Except Eligibility and Loan",440,440,0,0,10,0,10,33570,32990,24160,38280,High school diploma or equivalent,None,Short-term on-the-job training
4,43-4121,"Library Assistants, Clerical",390,400,10,0.025641026,30,10,20,24090,22120,17080,27590,High school diploma or equivalent,None,Short-term on-the-job training
4,43-4131,Loan Interviewers and Clerks,250,250,0,0,0,0,0,37420,36820,29820,41220,High school diploma or equivalent,None,Short-term on-the-job training
4,43-4141,New Accounts Clerks,80,80,0,0,0,0,0,31960,30140,26440,34720,High school diploma or equivalent,None,Moderate-term on-the-job training
4,43-4151,Order Clerks,190,190,0,0,0,0,0,32080,29980,20770,37730,High school diploma or equivalent,None,Short-term on-the-job training
4,43-4161,"Human Resources Assistants, Except Payroll and Timekeeping",300,300,0,0,10,0,10,38420,37160,27650,43800,High school diploma or equivalent,None,Short-term on-the-job training
4,43-4171,Receptionists and Information Clerks,2460,2470,10,0.004065041,80,10,70,25490,24340,19110,28680,High school diploma or equivalent,None,Short-term on-the-job training
4,43-4199,"Information and Record Clerks, All Other",390,380,-10,-0.025641026,10,0,10,37430,37030,29150,41570,High school diploma or equivalent,None,Short-term on-the-job training
3,43-5000,"Material Recording, Scheduling, Dispatching, and Distributing Workers",7960,7870,-90,-0.011306533,250,20,230,n/a,n/a,n/a,n/a, , , 
4,43-5021,Couriers and Messengers,200,200,0,0,0,0,0,24230,20620,16840,27930,High school diploma or equivalent,None,Short-term on-the-job training
4,43-5031,"Police, Fire, and Ambulance Dispatchers",210,210,0,0,10,0,10,40230,41160,29820,45440,High school diploma or equivalent,None,Moderate-term on-the-job training
4,43-5032,"Dispatchers, Except Police, Fire, and Ambulance",260,270,10,0.038461538,20,10,10,39900,38790,28940,45380,High school diploma or equivalent,None,Moderate-term on-the-job training
4,43-5041,"Meter Readers, Utilities",60,60,0,0,0,0,0,42860,44650,32220,48180,High school diploma or equivalent,None,Short-term on-the-job training
4,43-5051,Postal Service Clerks,150,140,-10,-0.066666667,0,0,0,50310,53820,41220,54860,High school diploma or equivalent,None,Short-term on-the-job training
4,43-5052,Postal Service Mail Carriers,630,590,-40,-0.063492063,20,0,20,50720,54410,40900,55630,High school diploma or equivalent,None,Short-term on-the-job training
4,43-5053,"Postal Service Mail Sorters, Processors, and Processing Machine Operators",130,120,-10,-0.076923077,0,0,0,42340,53710,23600,51710,High school diploma or equivalent,None,Short-term on-the-job training
4,43-5061,"Production, Planning, and Expediting Clerks",620,620,0,0,20,0,20,48780,49530,32560,56890,High school diploma or equivalent,None,Moderate-term on-the-job training
4,43-5071,"Shipping, Receiving, and Traffic Clerks",1140,1150,10,0.00877193,40,10,30,31330,30150,21630,36180,High school diploma or equivalent,None,Short-term on-the-job training
4,43-5081,Stock Clerks and Order Fillers,4530,4480,-50,-0.011037528,140,0,140,22330,20250,17160,24920,Less than high school,None,Short-term on-the-job training
3,43-6000,Secretaries and Administrative Assistants,8610,8660,50,0.005807201,130,30,100,n/a,n/a,n/a,n/a, , , 
4,43-6011,Executive Secretaries and Executive Administrative Assistants,1190,1170,-20,-0.016806723,10,0,10,56470,55390,37500,65960,High school diploma or equivalent,Less than 5 years,None
4,43-6012,Legal Secretaries,370,360,-10,-0.027027027,0,0,0,35590,34000,24720,41030,High school diploma or equivalent,None,Moderate-term on-the-job training
4,43-6013,Medical Secretaries,370,380,10,0.027027027,10,10,0,29400,27750,21830,33190,High school diploma or equivalent,None,Moderate-term on-the-job training
4,43-6014,"Secretaries and Administrative Assistants, Except Legal, Medical, and Executive",6690,6750,60,0.00896861,110,30,80,33610,32370,23480,38670,High school diploma or equivalent,None,Short-term on-the-job training
3,43-9000,Other Office and Administrative Support Workers,9910,9790,-120,-0.012108981,200,10,190,n/a,n/a,n/a,n/a, , , 
4,43-9011,Computer Operators,130,120,-10,-0.076923077,0,0,0,38160,38630,25710,44390,High school diploma or equivalent,None,Moderate-term on-the-job training
4,43-9021,Data Entry Keyers,740,690,-50,-0.067567568,10,0,10,26650,25530,19300,30320,High school diploma or equivalent,None,Moderate-term on-the-job training
4,43-9022,Word Processors and Typists,730,680,-50,-0.068493151,0,0,0,32360,32460,23710,36690,High school diploma or equivalent,None,Short-term on-the-job training
4,43-9041,Insurance Claims and Policy Processing Clerks,170,170,0,0,0,0,0,34110,33340,25380,38480,High school diploma or equivalent,None,Moderate-term on-the-job training
4,43-9051,"Mail Clerks and Mail Machine Operators, Except Postal Service",120,110,-10,-0.083333333,0,0,0,29210,29190,18250,34690,High school diploma or equivalent,None,Short-term on-the-job training
4,43-9061,"Office Clerks, General",7190,7180,-10,-0.001390821,150,0,150,26010,24250,17670,30180,High school diploma or equivalent,None,Short-term on-the-job training
4,43-9071,"Office Machine Operators, Except Computer",130,130,0,0,0,0,0,25420,24190,19230,28520,High school diploma or equivalent,None,Short-term on-the-job training
4,43-9199,"Office and Administrative Support Workers, All Other",490,500,10,0.020408163,10,0,10,40360,38340,24630,48220,High school diploma or equivalent,None,Short-term on-the-job training
2,45-0000,"Farming, Fishing, and Forestry Occupations",1500,1550,50,0.033333333,70,30,40,30550,27430,17060,37300, , , 
3,45-1000,"Supervisors of Farming, Fishing, and Forestry Workers",60,60,0,0,0,0,0,n/a,n/a,n/a,n/a, , , 
4,45-1011,"First-Line Supervisors of Farming, Fishing, and Forestry Workers",60,60,0,0,0,0,0,44950,47070,30070,52390,High school diploma or equivalent,Less than 5 years,None
3,45-2000,Agricultural Workers,1250,1300,50,0.04,60,20,40,n/a,n/a,n/a,n/a, , , 
4,45-2093,"Farmworkers, Farm, Ranch, and Aquacultural Animals",50,50,0,0,0,0,0,25240,19420,17080,29320,Less than high school,None,Short-term on-the-job training
3,45-4000,"Forest, Conservation, and Logging Workers",160,160,0,0,0,0,0,n/a,n/a,n/a,n/a, , , 
4,45-4022,Logging Equipment Operators,70,70,0,0,0,0,0,32100,31570,27450,34420,High school diploma or equivalent,None,Moderate-term on-the-job training
2,47-0000,Construction and Extraction Occupations,11560,11690,130,0.011245675,250,70,180,42830,39040,27600,50440, , , 
3,47-1000,Supervisors of Construction and Extraction Workers,1160,1160,0,0,10,0,10,n/a,n/a,n/a,n/a, , , 
4,47-1011,First-Line Supervisors of Construction Trades and Extraction Workers,1160,1160,0,0,10,0,10,58820,54470,39910,68280,High school diploma or equivalent,5 years or more,None
3,47-2000,Construction Trades Workers,7760,7870,110,0.014175258,190,60,130,n/a,n/a,n/a,n/a, , , 
4,47-2021,Brickmasons and Blockmasons,70,70,0,0,0,0,0,59560,58420,31210,73740,High school diploma or equivalent,None,Apprenticeship
4,47-2031,Carpenters,1840,1840,0,0,20,0,20,41350,38490,30020,47010,High school diploma or equivalent,None,Apprenticeship
4,47-2061,Construction Laborers,1970,2000,30,0.015228426,50,10,40,34790,30950,21890,41240,Less than high school,None,Short-term on-the-job training
4,47-2071,"Paving, Surfacing, and Tamping Equipment Operators",80,80,0,0,0,0,0,35900,34140,28300,39710,High school diploma or equivalent,None,Moderate-term on-the-job training
4,47-2073,Operating Engineers and Other Construction Equipment Operators,650,660,10,0.015384615,20,10,10,47590,42130,32240,55270,High school diploma or equivalent,None,Moderate-term on-the-job training
4,47-2111,Electricians,860,880,20,0.023255814,30,10,20,48860,46690,31070,57750,High school diploma or equivalent,None,Apprenticeship
4,47-2141,"Painters, Construction and Maintenance",540,550,10,0.018518519,20,10,10,36850,35620,24490,43030,Less than high school,None,Moderate-term on-the-job training
4,47-2151,Pipelayers,100,100,0,0,0,0,0,46240,42490,23450,57640,Less than high school,None,Short-term on-the-job training
4,47-2152,"Plumbers, Pipefitters, and Steamfitters",500,520,20,0.04,20,10,10,55900,54190,39090,64300,High school diploma or equivalent,None,Apprenticeship
4,47-2181,Roofers,220,220,0,0,0,0,0,43750,39350,29130,51060,Less than high school,None,Moderate-term on-the-job training
4,47-2211,Sheet Metal Workers,200,210,10,0.05,0,0,0,39810,37010,27910,45750,High school diploma or equivalent,None,Apprenticeship
3,47-3000,"Helpers, Construction Trades",380,380,0,0,20,10,10,n/a,n/a,n/a,n/a, , , 
4,47-3012,Helpers--Carpenters,180,180,0,0,0,0,0,27170,26320,17510,31990,Less than high school,None,Short-term on-the-job training
4,47-3013,Helpers--Electricians,70,70,0,0,0,0,0,30620,32970,16840,37510,High school diploma or equivalent,None,Short-term on-the-job training
4,47-3015,"Helpers--Pipelayers, Plumbers, Pipefitters, and Steamfitters",50,50,0,0,0,0,0,29320,27660,24250,31850,High school diploma or equivalent,None,Short-term on-the-job training
4,47-3016,Helpers--Roofers,50,50,0,0,0,0,0,24260,25520,18880,26950,Less than high school,None,Short-term on-the-job training
3,47-4000,Other Construction and Related Workers,2080,2090,10,0.004807692,30,0,30,n/a,n/a,n/a,n/a, , , 
4,47-4011,Construction and Building Inspectors,340,340,0,0,10,0,10,49200,47040,35380,56120,High school diploma or equivalent,5 years or more,Moderate-term on-the-job training
4,47-4031,Fence Erectors,50,50,0,0,0,0,0,34400,34770,29420,36890,High school diploma or equivalent,None,Moderate-term on-the-job training
4,47-4051,Highway Maintenance Workers,1560,1560,0,0,20,0,20,36200,36630,29290,39660,High school diploma or equivalent,None,Moderate-term on-the-job training
3,47-5000,Extraction Workers,190,190,0,0,0,0,0,n/a,n/a,n/a,n/a, , , 
2,49-0000,"Installation, Maintenance, and Repair Occupations",11110,11250,140,0.01260126,340,90,250,42960,39530,26360,51260, , , 
3,49-1000,"Supervisors of Installation, Maintenance, and Repair Workers",820,830,10,0.012195122,20,0,20,n/a,n/a,n/a,n/a, , , 
4,49-1011,"First-Line Supervisors of Mechanics, Installers, and Repairers",820,830,10,0.012195122,20,0,20,62660,58710,43650,72160,High school diploma or equivalent,Less than 5 years,None
3,49-2000,"Electrical and Electronic Equipment Mechanics, Installers, and Repairers",1150,1150,0,0,20,0,20,n/a,n/a,n/a,n/a, , , 
4,49-2011,"Computer, Automated Teller, and Office Machine Repairers",350,350,0,0,10,0,10,41470,40750,27980,48220,"Some college, no degree",None,None
4,49-2022,"Telecommunications Equipment Installers and Repairers, Except Line Installers",470,470,0,0,10,0,10,52990,47560,27820,65570,Postsecondary non-degree award,None,Moderate-term on-the-job training
4,49-2094,"Electrical and Electronics Repairers, Commercial and Industrial Equipment",110,110,0,0,0,0,0,49190,51370,36730,55430,Postsecondary non-degree award,None,Long-term on-the-job training
3,49-3000,"Vehicle and Mobile Equipment Mechanics, Installers, and Repairers",3070,3130,60,0.019543974,100,30,70,n/a,n/a,n/a,n/a, , , 
4,49-3021,Automotive Body and Related Repairers,340,340,0,0,10,0,10,33890,32180,22920,39370,High school diploma or equivalent,None,Moderate-term on-the-job training
4,49-3023,Automotive Service Technicians and Mechanics,1650,1680,30,0.018181818,60,20,40,35030,33580,22860,41120,High school diploma or equivalent,None,Long-term on-the-job training
4,49-3031,Bus and Truck Mechanics and Diesel Engine Specialists,440,460,20,0.045454545,20,10,10,38540,36850,29100,43260,High school diploma or equivalent,None,Long-term on-the-job training
4,49-3042,"Mobile Heavy Equipment Mechanics, Except Engines",110,110,0,0,0,0,0,44800,44170,33040,50680,High school diploma or equivalent,None,Long-term on-the-job training
4,49-3053,Outdoor Power Equipment and Other Small Engine Mechanics,120,120,0,0,0,0,0,32990,33670,23130,37920,High school diploma or equivalent,None,Moderate-term on-the-job training
4,49-3093,Tire Repairers and Changers,200,200,0,0,10,0,10,27430,25600,20640,30830,High school diploma or equivalent,None,Short-term on-the-job training
3,49-9000,"Other Installation, Maintenance, and Repair Occupations",6070,6140,70,0.011532125,180,50,130,n/a,n/a,n/a,n/a, , , 
4,49-9012,"Control and Valve Installers and Repairers, Except Mechanical Door",160,160,0,0,0,0,0,69200,74530,44730,81440,High school diploma or equivalent,None,Moderate-term on-the-job training
4,49-9021,"Heating, Air Conditioning, and Refrigeration Mechanics and Installers",530,530,0,0,10,0,10,45120,42850,29780,52780,Postsecondary non-degree award,None,Long-term on-the-job training
4,49-9031,Home Appliance Repairers,50,50,0,0,0,0,0,32980,34140,19320,39800,High school diploma or equivalent,None,Moderate-term on-the-job training
4,49-9041,Industrial Machinery Mechanics,740,770,30,0.040540541,40,20,20,49910,48970,37230,56260,High school diploma or equivalent,None,Long-term on-the-job training
4,49-9043,"Maintenance Workers, Machinery",270,280,10,0.037037037,0,0,0,46170,50880,30420,54050,High school diploma or equivalent,None,Moderate-term on-the-job training
4,49-9051,Electrical Power-Line Installers and Repairers,140,140,0,0,10,0,10,73990,76280,60360,80800,High school diploma or equivalent,None,Long-term on-the-job training
4,49-9052,Telecommunications Line Installers and Repairers,420,410,-10,-0.023809524,10,0,10,61740,67070,36710,74260,High school diploma or equivalent,None,Long-term on-the-job training
4,49-9062,Medical Equipment Repairers,70,70,0,0,0,0,0,43710,39060,28530,51300,Associate's degree,None,Moderate-term on-the-job training
4,49-9071,"Maintenance and Repair Workers, General",3000,3040,40,0.013333333,70,20,50,36660,36150,25450,42270,High school diploma or equivalent,None,Long-term on-the-job training
4,49-9091,"Coin, Vending, and Amusement Machine Servicers and Repairers",60,60,0,0,0,0,0,35240,39010,22980,41370,High school diploma or equivalent,None,Short-term on-the-job training
4,49-9098,"Helpers--Installation, Maintenance, and Repair Workers",230,230,0,0,10,0,10,31120,30440,21830,35770,High school diploma or equivalent,None,Moderate-term on-the-job training
4,49-9099,"Installation, Maintenance, and Repair Workers, All Other",200,200,0,0,0,0,0,34390,32530,22320,40430,High school diploma or equivalent,None,Moderate-term on-the-job training
2,51-0000,Production Occupations,22150,22530,380,0.017155756,670,230,440,35650,34680,22140,42400, , , 
3,51-1000,Supervisors of Production Workers,1460,1480,20,0.01369863,30,10,20,n/a,n/a,n/a,n/a, , , 
4,51-1011,First-Line Supervisors of Production and Operating Workers,1460,1480,20,0.01369863,30,10,20,58640,56210,39040,68440,Postsecondary non-degree award,Less than 5 years,None
3,51-2000,Assemblers and Fabricators,5630,5710,80,0.014209591,140,50,90,n/a,n/a,n/a,n/a, , , 
4,51-2021,"Coil Winders, Tapers, and Finishers",80,80,0,0,0,0,0,23370,22050,17530,26280,High school diploma or equivalent,None,Short-term on-the-job training
4,51-2022,Electrical and Electronic Equipment Assemblers,1660,1640,-20,-0.012048193,20,0,20,28890,26790,19720,33470,High school diploma or equivalent,None,Short-term on-the-job training
4,51-2023,Electromechanical Equipment Assemblers,220,210,-10,-0.045454545,0,0,0,36390,36610,25320,41930,High school diploma or equivalent,None,Short-term on-the-job training
4,51-2092,Team Assemblers,2680,2730,50,0.018656716,60,20,40,34630,35970,22410,40740,High school diploma or equivalent,None,Moderate-term on-the-job training
4,51-2099,"Assemblers and Fabricators, All Other",630,670,40,0.063492063,30,20,10,n/a,n/a,n/a,n/a,High school diploma or equivalent,None,Moderate-term on-the-job training
3,51-3000,Food Processing Workers,1090,1120,30,0.027522936,50,20,30,n/a,n/a,n/a,n/a, , , 
4,51-3011,Bakers,260,270,10,0.038461538,10,0,10,26230,24970,18500,30090,Less than high school,None,Long-term on-the-job training
4,51-3021,Butchers and Meat Cutters,150,150,0,0,0,0,0,38010,39400,24860,44580,Less than high school,None,Long-term on-the-job training
4,51-3022,"Meat, Poultry, and Fish Cutters and Trimmers",70,70,0,0,0,0,0,30770,32330,22430,34940,Less than high school,None,Short-term on-the-job training
4,51-3092,Food Batchmakers,250,260,10,0.04,20,10,10,31580,32860,20950,36900,High school diploma or equivalent,None,Moderate-term on-the-job training
4,51-3093,Food Cooking Machine Operators and Tenders,300,310,10,0.033333333,20,10,10,34300,34690,27400,37750,High school diploma or equivalent,None,Moderate-term on-the-job training
3,51-4000,Metal Workers and Plastic Workers,5030,5070,40,0.007952286,140,40,100,n/a,n/a,n/a,n/a, , , 
4,51-4011,"Computer-Controlled Machine Tool Operators, Metal and Plastic",1130,1160,30,0.026548673,50,20,30,36370,36590,28170,40470,High school diploma or equivalent,None,Moderate-term on-the-job training
4,51-4012,"Computer Numerically Controlled Machine Tool Programmers, Metal and Plastic",90,100,10,0.111111111,0,0,0,53420,53410,40280,60000,High school diploma or equivalent,None,Long-term on-the-job training
4,51-4021,"Extruding and Drawing Machine Setters, Operators, and Tenders, Metal and Plastic",140,140,0,0,0,0,0,24960,22870,18560,28170,High school diploma or equivalent,None,Moderate-term on-the-job training
4,51-4031,"Cutting, Punching, and Press Machine Setters, Operators, and Tenders, Metal and Plastic",380,370,-10,-0.026315789,0,0,0,31140,30080,20640,36390,High school diploma or equivalent,None,Moderate-term on-the-job training
4,51-4032,"Drilling and Boring Machine Tool Setters, Operators, and Tenders, Metal and Plastic",50,50,0,0,0,0,0,32050,29410,20790,37680,High school diploma or equivalent,None,Moderate-term on-the-job training
4,51-4033,"Grinding, Lapping, Polishing, and Buffing Machine Tool Setters, Operators, and Tenders, Metal and Plastic",240,230,-10,-0.041666667,10,0,10,33690,34350,23210,38920,High school diploma or equivalent,None,Moderate-term on-the-job training
4,51-4034,"Lathe and Turning Machine Tool Setters, Operators, and Tenders, Metal and Plastic",100,100,0,0,0,0,0,39510,41460,28540,44990,High school diploma or equivalent,None,Moderate-term on-the-job training
4,51-4041,Machinists,1340,1360,20,0.014925373,40,10,30,39170,39670,26860,45320,High school diploma or equivalent,None,Long-term on-the-job training
4,51-4072,"Molding, Coremaking, and Casting Machine Setters, Operators, and Tenders, Metal and Plastic",290,290,0,0,0,0,0,36870,36890,26930,41840,High school diploma or equivalent,None,Moderate-term on-the-job training
4,51-4081,"Multiple Machine Tool Setters, Operators, and Tenders, Metal and Plastic",50,50,0,0,0,0,0,28560,27450,21120,32280,High school diploma or equivalent,None,Moderate-term on-the-job training
4,51-4111,Tool and Die Makers,200,200,0,0,0,0,0,46380,46680,36290,51420,High school diploma or equivalent,None,Long-term on-the-job training
4,51-4121,"Welders, Cutters, Solderers, and Brazers",540,540,0,0,10,0,10,35130,32910,25190,40110,High school diploma or equivalent,None,Moderate-term on-the-job training
4,51-4122,"Welding, Soldering, and Brazing Machine Setters, Operators, and Tenders",140,150,10,0.071428571,0,0,0,36000,36370,28790,39610,High school diploma or equivalent,None,Moderate-term on-the-job training
4,51-4191,"Heat Treating Equipment Setters, Operators, and Tenders, Metal and Plastic",60,60,0,0,0,0,0,37550,39190,30020,41320,High school diploma or equivalent,None,Moderate-term on-the-job training
4,51-4193,"Plating and Coating Machine Setters, Operators, and Tenders, Metal and Plastic",170,170,0,0,0,0,0,n/a,n/a,n/a,n/a,High school diploma or equivalent,None,Moderate-term on-the-job training
3,51-5100,Printing Workers,610,620,10,0.016393443,10,0,10,n/a,n/a,n/a,n/a, , , 
4,51-5112,Printing Press Operators,480,490,10,0.020833333,10,0,10,34740,34340,24170,40030,High school diploma or equivalent,None,Moderate-term on-the-job training
4,51-5113,Print Binding and Finishing Workers,90,90,0,0,0,0,0,30670,32320,18070,36970,High school diploma or equivalent,None,Short-term on-the-job training
3,51-6000,"Textile, Apparel, and Furnishings Workers",760,760,0,0,20,0,20,n/a,n/a,n/a,n/a, , , 
4,51-6011,Laundry and Dry-Cleaning Workers,350,350,0,0,10,0,10,22520,20760,16980,25290,Less than high school,None,Short-term on-the-job training
4,51-6021,"Pressers, Textile, Garment, and Related Materials",100,100,0,0,0,0,0,20770,20620,16980,22660,Less than high school,None,Short-term on-the-job training
4,51-6031,Sewing Machine Operators,130,130,0,0,0,0,0,27040,27060,22580,29270,Less than high school,None,Short-term on-the-job training
4,51-6093,Upholsterers,60,60,0,0,0,0,0,31110,28950,21040,36140,High school diploma or equivalent,None,Moderate-term on-the-job training
3,51-7000,Woodworkers,560,600,40,0.071428571,30,20,10,n/a,n/a,n/a,n/a, , , 
4,51-7011,Cabinetmakers and Bench Carpenters,190,200,10,0.052631579,0,0,0,26270,24580,18830,29990,High school diploma or equivalent,None,Moderate-term on-the-job training
4,51-7041,"Sawing Machine Setters, Operators, and Tenders, Wood",150,160,10,0.066666667,0,0,0,28960,28480,24490,31200,High school diploma or equivalent,None,Short-term on-the-job training
4,51-7042,"Woodworking Machine Setters, Operators, and Tenders, Except Sawing",160,170,10,0.0625,10,10,0,26510,25090,19640,29940,High school diploma or equivalent,None,Short-term on-the-job training
3,51-8000,Plant and System Operators,370,370,0,0,10,0,10,n/a,n/a,n/a,n/a, , , 
4,51-8021,Stationary Engineers and Boiler Operators,110,110,0,0,0,0,0,55240,54550,45790,59960,High school diploma or equivalent,None,Long-term on-the-job training
4,51-8031,Water and Wastewater Treatment Plant and System Operators,220,220,0,0,10,0,10,43460,44410,34360,48010,High school diploma or equivalent,None,Long-term on-the-job training
3,51-9000,Other Production Occupations,6640,6800,160,0.024096386,240,90,150,n/a,n/a,n/a,n/a, , , 
4,51-9011,Chemical Equipment Operators and Tenders,80,80,0,0,0,0,0,33700,24080,21160,39960,High school diploma or equivalent,None,Moderate-term on-the-job training
4,51-9012,"Separating, Filtering, Clarifying, Precipitating, and Still Machine Setters, Operators, and Tenders",270,280,10,0.037037037,20,10,10,35480,35010,27900,39270,High school diploma or equivalent,None,Moderate-term on-the-job training
4,51-9021,"Crushing, Grinding, and Polishing Machine Setters, Operators, and Tenders",100,100,0,0,0,0,0,36590,35450,27110,41330,High school diploma or equivalent,None,Moderate-term on-the-job training
4,51-9022,"Grinding and Polishing Workers, Hand",130,130,0,0,0,0,0,35090,35500,28480,38400,Less than high school,None,Moderate-term on-the-job training
4,51-9023,"Mixing and Blending Machine Setters, Operators, and Tenders",630,650,20,0.031746032,30,10,20,43450,43600,28330,51010,High school diploma or equivalent,None,Moderate-term on-the-job training
4,51-9032,"Cutting and Slicing Machine Setters, Operators, and Tenders",200,200,0,0,0,0,0,40540,42920,33270,44170,High school diploma or equivalent,None,Short-term on-the-job training
4,51-9041,"Extruding, Forming, Pressing, and Compacting Machine Setters, Operators, and Tenders",370,370,0,0,10,0,10,43040,44130,36450,46330,High school diploma or equivalent,None,Moderate-term on-the-job training
4,51-9051,"Furnace, Kiln, Oven, Drier, and Kettle Operators and Tenders",70,70,0,0,0,0,0,40630,42490,32840,44520,High school diploma or equivalent,None,Moderate-term on-the-job training
4,51-9061,"Inspectors, Testers, Sorters, Samplers, and Weighers",1510,1530,20,0.013245033,40,10,30,36880,36290,23100,43770,High school diploma or equivalent,None,Moderate-term on-the-job training
4,51-9071,Jewelers and Precious Stone and Metal Workers,70,70,0,0,0,0,0,50760,53970,41200,55540,High school diploma or equivalent,None,Long-term on-the-job training
4,51-9081,Dental Laboratory Technicians,50,50,0,0,0,0,0,40570,37370,23600,49050,High school diploma or equivalent,None,Moderate-term on-the-job training
4,51-9083,Ophthalmic Laboratory Technicians,90,100,10,0.111111111,10,10,0,26340,24430,17530,30740,High school diploma or equivalent,None,Moderate-term on-the-job training
4,51-9111,Packaging and Filling Machine Operators and Tenders,1060,1110,50,0.047169811,60,30,30,30430,30220,18890,36200,High school diploma or equivalent,None,Moderate-term on-the-job training
4,51-9121,"Coating, Painting, and Spraying Machine Setters, Operators, and Tenders",240,240,0,0,0,0,0,32590,33550,22750,37510,High school diploma or equivalent,None,Moderate-term on-the-job training
4,51-9122,"Painters, Transportation Equipment",60,60,0,0,0,0,0,38600,34830,24900,45450,High school diploma or equivalent,None,Moderate-term on-the-job training
4,51-9123,"Painting, Coating, and Decorating Workers",80,80,0,0,0,0,0,31390,31760,25990,34100,Less than high school,None,Moderate-term on-the-job training
4,51-9151,Photographic Process Workers and Processing Machine Operators,60,60,0,0,0,0,0,24260,23480,20380,26200,High school diploma or equivalent,None,Short-term on-the-job training
4,51-9195,"Molders, Shapers, and Casters, Except Metal and Plastic",80,80,0,0,0,0,0,39880,38190,26350,46640,High school diploma or equivalent,None,Long-term on-the-job training
4,51-9196,"Paper Goods Machine Setters, Operators, and Tenders",230,230,0,0,0,0,0,30250,31670,19000,35870,High school diploma or equivalent,None,Moderate-term on-the-job training
4,51-9198,Helpers--Production Workers,860,890,30,0.034883721,30,10,20,24690,23410,17960,28050,Less than high school,None,Short-term on-the-job training
4,51-9199,"Production Workers, All Other",220,230,10,0.045454545,10,0,10,32440,33780,20710,38300,High school diploma or equivalent,None,Moderate-term on-the-job training
2,53-0000,Transportation and Material Moving Occupations,16140,16490,350,0.021685254,540,190,350,31120,28190,18630,37370, , , 
3,53-1000,Supervisors of Transportation and Material Moving Workers,620,620,0,0,20,0,20,n/a,n/a,n/a,n/a, , , 
4,53-1031,First-Line Supervisors of Transportation and Material-Moving Machine and Vehicle Operators,380,390,10,0.026315789,10,0,10,52880,52640,35360,61640,High school diploma or equivalent,Less than 5 years,None
3,53-2000,Air Transportation Workers,110,120,10,0.090909091,0,0,0,n/a,n/a,n/a,n/a, , , 
3,53-3000,Motor Vehicle Operators,7980,8160,180,0.022556391,220,100,120,n/a,n/a,n/a,n/a, , , 
4,53-3021,"Bus Drivers, Transit and Intercity",320,320,0,0,10,0,10,33390,32170,24340,37920,High school diploma or equivalent,None,Moderate-term on-the-job training
4,53-3022,"Bus Drivers, School or Special Client",1440,1430,-10,-0.006944444,20,0,20,30900,29820,21910,35400,High school diploma or equivalent,None,Short-term on-the-job training
4,53-3031,Driver/Sales Workers,890,920,30,0.033707865,30,20,10,24960,19740,17110,28890,High school diploma or equivalent,None,Short-term on-the-job training
4,53-3032,Heavy and Tractor-Trailer Truck Drivers,2740,2870,130,0.047445255,100,60,40,39670,37790,27520,45750,Postsecondary non-degree award,None,Short-term on-the-job training
4,53-3033,Light Truck or Delivery Services Drivers,1550,1580,30,0.019354839,30,10,20,30110,26070,18010,36160,High school diploma or equivalent,None,Short-term on-the-job training
4,53-3041,Taxi Drivers and Chauffeurs,920,930,10,0.010869565,10,0,10,21430,19590,17180,23550,Less than high school,None,Short-term on-the-job training
3,53-4000,Rail Transportation Workers,50,50,0,0,0,0,0,n/a,n/a,n/a,n/a, , , 
3,53-6000,Other Transportation Workers,270,260,-10,-0.037037037,10,0,10,n/a,n/a,n/a,n/a, , , 
4,53-6021,Parking Lot Attendants,100,100,0,0,10,0,10,21650,19020,17150,23910,Less than high school,None,Short-term on-the-job training
4,53-6031,Automotive and Watercraft Service Attendants,100,100,0,0,0,0,0,20660,20410,17300,22350,Less than high school,None,Short-term on-the-job training
3,53-7000,Material Moving Workers,7100,7270,170,0.023943662,290,90,200,n/a,n/a,n/a,n/a, , , 
4,53-7032,Excavating and Loading Machine and Dragline Operators,50,50,0,0,0,0,0,44900,37910,25470,54620,High school diploma or equivalent,Less than 5 years,Moderate-term on-the-job training
4,53-7051,Industrial Truck and Tractor Operators,720,760,40,0.055555556,40,20,20,31530,29770,21870,36360,Less than high school,None,Short-term on-the-job training
4,53-7061,Cleaners of Vehicles and Equipment,640,660,20,0.03125,30,10,20,24520,21530,17090,28230,Less than high school,None,Short-term on-the-job training
4,53-7062,"Laborers and Freight, Stock, and Material Movers, Hand",3630,3700,70,0.019283747,160,40,120,25830,23930,17810,29840,Less than high school,None,Short-term on-the-job training
4,53-7063,Machine Feeders and Offbearers,250,250,0,0,10,0,10,25600,22830,16950,29920,Less than high school,None,Short-term on-the-job training
4,53-7064,"Packers and Packagers, Hand",1310,1340,30,0.022900763,50,10,40,24750,21870,17210,28520,Less than high school,None,Short-term on-the-job training
4,53-7081,Refuse and Recyclable Material Collectors,400,420,20,0.05,20,10,10,31190,27910,19730,36930,Less than high school,None,Short-term on-the-job training